term,estimate,std.error,statistic,p.value,conf.low,conf.high
(Intercept),-2.1420867991016297,1.6707931744997855,-1.2820777770671368,0.2013375052267828,-5.437231866681767,1.1530582684785076
sleep_hours,0.9522578842901656,0.13242630447845444,7.190851455385108,1.3433064267092408e-11,0.6910861901032496,1.2134295784770814
hours_studied,1.5552597274912099,0.06043962506888491,25.732451611316787,1.3081409875919236e-64,1.4360604540732094,1.6744590009092104
attendance_percent,0.10838990209067376,0.013615322313223124,7.960876694443443,1.3767400145689273e-13,0.08153770826520951,0.135242095916138
previous_scores,0.17728478008445211,0.012667588690872592,13.995148122561917,2.8846052373014418e-31,0.1523017103485109,0.20226784982039334
